Library ID,SampleID,Location,Country,Species,Age (Years),Age Binned (Years),Average LE (mm),GPS,RC 3' Illumina adaptor,Barcode,Pad,Linker,Gene Primer (806R),Full Sequence (Adaptor&Barcode&Linker&Geneprimer) (5'-3'),
MUX8117,ABB216 ,Ku_Po_01,Kusu,Singapore,P lutea,53,51 to 60,19,1.224963N 103.861880E,CAAGCAGAAGACGGCATACGAGAT,ATCGCTTAAGGC,AGTCAGTCAG,CC,GGACTACHVGGGTWTCTAAT,CAAGCAGAAGACGGCATACGAGATATCGCTTAAGGCAGTCAGTCAGCCGGACTACHVGGGTWTCTAAT
MUX8117,ABB217 ,Ku_Po_02,Kusu,Singapore,P lutea,21,21 to 30,not collected,1.224963N 103.861880E,CAAGCAGAAGACGGCATACGAGAT,ACCATCCAACGA,AGTCAGTCAG,CC,GGACTACHVGGGTWTCTAAT,CAAGCAGAAGACGGCATACGAGATACCATCCAACGAAGTCAGTCAGCCGGACTACHVGGGTWTCTAAT
MUX8117,ABB218 ,Ku_Po_03,Kusu,Singapore,P lutea,40,31 to 40,not collected,1.224963N 103.861880E,CAAGCAGAAGACGGCATACGAGAT,GCAATAGGAGGA,AGTCAGTCAG,CC,GGACTACHVGGGTWTCTAAT,CAAGCAGAAGACGGCATACGAGATGCAATAGGAGGAAGTCAGTCAGCCGGACTACHVGGGTWTCTAAT
MUX8117,ABB219 ,Ku_Po_04,Kusu,Singapore,P lutea,10,10 to 20,18,1.224963N 103.861880E,CAAGCAGAAGACGGCATACGAGAT,CCGAACGTCACT,AGTCAGTCAG,CC,GGACTACHVGGGTWTCTAAT,CAAGCAGAAGACGGCATACGAGATCCGAACGTCACTAGTCAGTCAGCCGGACTACHVGGGTWTCTAAT
MUX8117,ABB220 ,Ku_Po_05,Kusu,Singapore,P lutea,103,101 to 110,not collected,1.224963N 103.861880E,CAAGCAGAAGACGGCATACGAGAT,ACACCAACACCA,AGTCAGTCAG,CC,GGACTACHVGGGTWTCTAAT,CAAGCAGAAGACGGCATACGAGATACACCAACACCAAGTCAGTCAGCCGGACTACHVGGGTWTCTAAT
MUX8117,ABB221 ,Ku_Po_06,Kusu,Singapore,P lutea,20,10 to 20,9,1.224963N 103.861880E,CAAGCAGAAGACGGCATACGAGAT,CCATCACATAGG,AGTCAGTCAG,CC,GGACTACHVGGGTWTCTAAT,CAAGCAGAAGACGGCATACGAGATCCATCACATAGGAGTCAGTCAGCCGGACTACHVGGGTWTCTAAT
MUX8117,ABB222 ,Ku_Po_07,Kusu,Singapore,P lutea,44,41 to 50,not collected,1.224963N 103.861880E,CAAGCAGAAGACGGCATACGAGAT,CGACACGGAGAA,AGTCAGTCAG,CC,GGACTACHVGGGTWTCTAAT,CAAGCAGAAGACGGCATACGAGATCGACACGGAGAAAGTCAGTCAGCCGGACTACHVGGGTWTCTAAT
MUX8117,ABB223 ,Ku_Po_08,Kusu,Singapore,P lutea,13,10 to 20,15,1.224963N 103.861880E,CAAGCAGAAGACGGCATACGAGAT,GAACCTATGACA,AGTCAGTCAG,CC,GGACTACHVGGGTWTCTAAT,CAAGCAGAAGACGGCATACGAGATGAACCTATGACAAGTCAGTCAGCCGGACTACHVGGGTWTCTAAT
MUX8117,ABB224 ,Ku_Po_09,Kusu,Singapore,P lutea,66,61 to 70,not collected,1.224963N 103.861880E,CAAGCAGAAGACGGCATACGAGAT,ATGCCGGTAATA,AGTCAGTCAG,CC,GGACTACHVGGGTWTCTAAT,CAAGCAGAAGACGGCATACGAGATATGCCGGTAATAAGTCAGTCAGCCGGACTACHVGGGTWTCTAAT
MUX8117,ABB225 ,Ku_Po_10,Kusu,Singapore,P lutea,40,31 to 40,not collected,1.224963N 103.861880E,CAAGCAGAAGACGGCATACGAGAT,GAACAGCTCTAC,AGTCAGTCAG,CC,GGACTACHVGGGTWTCTAAT,CAAGCAGAAGACGGCATACGAGATGAACAGCTCTACAGTCAGTCAGCCGGACTACHVGGGTWTCTAAT
MUX8117,ABB226 ,Ku_Po_11,Kusu,Singapore,P lutea,38,31 to 40,not collected,1.224963N 103.861880E,CAAGCAGAAGACGGCATACGAGAT,GTGAGTCATACC,AGTCAGTCAG,CC,GGACTACHVGGGTWTCTAAT,CAAGCAGAAGACGGCATACGAGATGTGAGTCATACCAGTCAGTCAGCCGGACTACHVGGGTWTCTAAT
MUX8117,ABB227 ,Ku_Po_12,Kusu,Singapore,P lutea,not collected,not collected,not collected,1.224963N 103.861880E,CAAGCAGAAGACGGCATACGAGAT,TGGCCGTTACTG,AGTCAGTCAG,CC,GGACTACHVGGGTWTCTAAT,CAAGCAGAAGACGGCATACGAGATTGGCCGTTACTGAGTCAGTCAGCCGGACTACHVGGGTWTCTAAT
MUX8117,ABB228 ,Ku_Po_13,Kusu,Singapore,P lutea,not collected,not collected,not collected,1.224963N 103.861880E,CAAGCAGAAGACGGCATACGAGAT,TAGAGCTGCCAT,AGTCAGTCAG,CC,GGACTACHVGGGTWTCTAAT,CAAGCAGAAGACGGCATACGAGATTAGAGCTGCCATAGTCAGTCAGCCGGACTACHVGGGTWTCTAAT
MUX8117,ABB229 ,Ku_Po_14,Kusu,Singapore,P lutea,not collected,not collected,not collected,1.224963N 103.861880E,CAAGCAGAAGACGGCATACGAGAT,ATCTAGTGGCAA,AGTCAGTCAG,CC,GGACTACHVGGGTWTCTAAT,CAAGCAGAAGACGGCATACGAGATATCTAGTGGCAAAGTCAGTCAGCCGGACTACHVGGGTWTCTAAT
MUX8117,ABB230 ,Ku_Po_15,Kusu,Singapore,P lutea,not collected,not collected,not collected,1.224963N 103.861880E,CAAGCAGAAGACGGCATACGAGAT,CCTTCAATGGGA,AGTCAGTCAG,CC,GGACTACHVGGGTWTCTAAT,CAAGCAGAAGACGGCATACGAGATCCTTCAATGGGAAGTCAGTCAGCCGGACTACHVGGGTWTCTAAT
MUX8117,ABB231 ,Ku_Po_16,Kusu,Singapore,P lutea,not collected,not collected,not collected,1.224963N 103.861880E,CAAGCAGAAGACGGCATACGAGAT,TTGACGACATCG,AGTCAGTCAG,CC,GGACTACHVGGGTWTCTAAT,CAAGCAGAAGACGGCATACGAGATTTGACGACATCGAGTCAGTCAGCCGGACTACHVGGGTWTCTAAT
MUX8117,ABB232 ,Ku_Po_17,Kusu,Singapore,P lutea,not collected,not collected,not collected,1.224963N 103.861880E,CAAGCAGAAGACGGCATACGAGAT,ACATACTGAGCA,AGTCAGTCAG,CC,GGACTACHVGGGTWTCTAAT,CAAGCAGAAGACGGCATACGAGATACATACTGAGCAAGTCAGTCAGCCGGACTACHVGGGTWTCTAAT
MUX8117,ABB233 ,Ku_Po_18,Kusu,Singapore,P lutea,not collected,not collected,not collected,1.224963N 103.861880E,CAAGCAGAAGACGGCATACGAGAT,GGCTAAACTATG,AGTCAGTCAG,CC,GGACTACHVGGGTWTCTAAT,CAAGCAGAAGACGGCATACGAGATGGCTAAACTATGAGTCAGTCAGCCGGACTACHVGGGTWTCTAAT
MUX8117,ABB234 ,Ku_Po_19,Kusu,Singapore,P lutea,not collected,not collected,not collected,1.224963N 103.861880E,CAAGCAGAAGACGGCATACGAGAT,AAGAGCAGAGCC,AGTCAGTCAG,CC,GGACTACHVGGGTWTCTAAT,CAAGCAGAAGACGGCATACGAGATAAGAGCAGAGCCAGTCAGTCAGCCGGACTACHVGGGTWTCTAAT
MUX8117,ABB235 ,Ku_Po_20,Kusu,Singapore,P lutea,not collected,not collected,not collected,1.224963N 103.861880E,CAAGCAGAAGACGGCATACGAGAT,GGAGAGATCACG,AGTCAGTCAG,CC,GGACTACHVGGGTWTCTAAT,CAAGCAGAAGACGGCATACGAGATGGAGAGATCACGAGTCAGTCAGCCGGACTACHVGGGTWTCTAAT
MUX8117,ABB236 ,RL_Po_01,Raffles Lighthouse,Singapore,P lutea,39,31 to 40,10,1.160165N 103.740344E,CAAGCAGAAGACGGCATACGAGAT,TCAACCCGTGAA,AGTCAGTCAG,CC,GGACTACHVGGGTWTCTAAT,CAAGCAGAAGACGGCATACGAGATTCAACCCGTGAAAGTCAGTCAGCCGGACTACHVGGGTWTCTAAT
MUX8117,ABB237 ,RL_Po_02,Raffles Lighthouse,Singapore,P lutea,22,21 to 30,14,1.160165N 103.740344E,CAAGCAGAAGACGGCATACGAGAT,GTTTGAAACACG,AGTCAGTCAG,CC,GGACTACHVGGGTWTCTAAT,CAAGCAGAAGACGGCATACGAGATGTTTGAAACACGAGTCAGTCAGCCGGACTACHVGGGTWTCTAAT
MUX8117,ABB238 ,RL_Po_03,Raffles Lighthouse,Singapore,P lutea,58,51 to 60,9,1.160165N 103.740344E,CAAGCAGAAGACGGCATACGAGAT,AGAGAGACAGGT,AGTCAGTCAG,CC,GGACTACHVGGGTWTCTAAT,CAAGCAGAAGACGGCATACGAGATAGAGAGACAGGTAGTCAGTCAGCCGGACTACHVGGGTWTCTAAT
MUX8117,ABB239 ,RL_Po_04,Raffles Lighthouse,Singapore,P lutea,45,41 to 50,16,1.160165N 103.740344E,CAAGCAGAAGACGGCATACGAGAT,TCGCCAGTGCAT,AGTCAGTCAG,CC,GGACTACHVGGGTWTCTAAT,CAAGCAGAAGACGGCATACGAGATTCGCCAGTGCATAGTCAGTCAGCCGGACTACHVGGGTWTCTAAT
MUX8117,ABB240 ,RL_Po_05,Raffles Lighthouse,Singapore,P lutea,21,21 to 30,19,1.160165N 103.740344E,CAAGCAGAAGACGGCATACGAGAT,GCTCAGGACTCT,AGTCAGTCAG,CC,GGACTACHVGGGTWTCTAAT,CAAGCAGAAGACGGCATACGAGATGCTCAGGACTCTAGTCAGTCAGCCGGACTACHVGGGTWTCTAAT
MUX8117,ABB241 ,RL_Po_06,Raffles Lighthouse,Singapore,P lutea,49,41 to 50,14,1.160165N 103.740344E,CAAGCAGAAGACGGCATACGAGAT,CACTTTGGGTGC,AGTCAGTCAG,CC,GGACTACHVGGGTWTCTAAT,CAAGCAGAAGACGGCATACGAGATCACTTTGGGTGCAGTCAGTCAGCCGGACTACHVGGGTWTCTAAT
MUX8117,ABB242 ,RL_Po_07,Raffles Lighthouse,Singapore,P lutea,25,21 to 30,16,1.160165N 103.740344E,CAAGCAGAAGACGGCATACGAGAT,TCTAGCCTGGCA,AGTCAGTCAG,CC,GGACTACHVGGGTWTCTAAT,CAAGCAGAAGACGGCATACGAGATTCTAGCCTGGCAAGTCAGTCAGCCGGACTACHVGGGTWTCTAAT
MUX8117,ABB243 ,RL_Po_08,Raffles Lighthouse,Singapore,P lutea,25,21 to 30,16,1.160165N 103.740344E,CAAGCAGAAGACGGCATACGAGAT,AATGCAATGCGT,AGTCAGTCAG,CC,GGACTACHVGGGTWTCTAAT,CAAGCAGAAGACGGCATACGAGATAATGCAATGCGTAGTCAGTCAGCCGGACTACHVGGGTWTCTAAT
MUX8117,ABB244 ,RL_Po_09,Raffles Lighthouse,Singapore,P lutea,39,31 to 40,16,1.160165N 103.740344E,CAAGCAGAAGACGGCATACGAGAT,CGAATGAGTCAT,AGTCAGTCAG,CC,GGACTACHVGGGTWTCTAAT,CAAGCAGAAGACGGCATACGAGATCGAATGAGTCATAGTCAGTCAGCCGGACTACHVGGGTWTCTAAT
MUX8117,ABB245 ,RL_Po_10,Raffles Lighthouse,Singapore,P lutea,16,10 to 20,19,1.160165N 103.740344E,CAAGCAGAAGACGGCATACGAGAT,CAACGCTAGAAT,AGTCAGTCAG,CC,GGACTACHVGGGTWTCTAAT,CAAGCAGAAGACGGCATACGAGATCAACGCTAGAATAGTCAGTCAGCCGGACTACHVGGGTWTCTAAT
MUX8117,ABB246 ,RL_Po_11,Raffles Lighthouse,Singapore,P lutea,15,10 to 20,13,1.160165N 103.740344E,CAAGCAGAAGACGGCATACGAGAT,ATCAGAGCCCAT,AGTCAGTCAG,CC,GGACTACHVGGGTWTCTAAT,CAAGCAGAAGACGGCATACGAGATATCAGAGCCCATAGTCAGTCAGCCGGACTACHVGGGTWTCTAAT
MUX8117,ABB247 ,RL_Po_12,Raffles Lighthouse,Singapore,P lutea,30,21 to 30,13,1.160165N 103.740344E,CAAGCAGAAGACGGCATACGAGAT,TCTGTAGAGCCA,AGTCAGTCAG,CC,GGACTACHVGGGTWTCTAAT,CAAGCAGAAGACGGCATACGAGATTCTGTAGAGCCAAGTCAGTCAGCCGGACTACHVGGGTWTCTAAT
MUX8117,ABB248 ,RL_Po_13,Raffles Lighthouse,Singapore,P lutea,29,21 to 30,15,1.160165N 103.740344E,CAAGCAGAAGACGGCATACGAGAT,CCGACTCTAGGT,AGTCAGTCAG,CC,GGACTACHVGGGTWTCTAAT,CAAGCAGAAGACGGCATACGAGATCCGACTCTAGGTAGTCAGTCAGCCGGACTACHVGGGTWTCTAAT
MUX8117,ABB249 ,RL_Po_14,Raffles Lighthouse,Singapore,P lutea,29,21 to 30,14,1.160165N 103.740344E,CAAGCAGAAGACGGCATACGAGAT,ATCCTACGAGCA,AGTCAGTCAG,CC,GGACTACHVGGGTWTCTAAT,CAAGCAGAAGACGGCATACGAGATATCCTACGAGCAAGTCAGTCAGCCGGACTACHVGGGTWTCTAAT
MUX8117,ABB250 ,RL_Po_15,Raffles Lighthouse,Singapore,P lutea,30,21 to 30,13,1.160165N 103.740344E,CAAGCAGAAGACGGCATACGAGAT,GACAACGAATCT,AGTCAGTCAG,CC,GGACTACHVGGGTWTCTAAT,CAAGCAGAAGACGGCATACGAGATGACAACGAATCTAGTCAGTCAGCCGGACTACHVGGGTWTCTAAT
MUX8117,ABB251 ,RL_Po_16,Raffles Lighthouse,Singapore,P lutea,26,21 to 30,12,1.160165N 103.740344E,CAAGCAGAAGACGGCATACGAGAT,TGCGGTTGACTC,AGTCAGTCAG,CC,GGACTACHVGGGTWTCTAAT,CAAGCAGAAGACGGCATACGAGATTGCGGTTGACTCAGTCAGTCAGCCGGACTACHVGGGTWTCTAAT
MUX8117,ABB252 ,RL_Po_17,Raffles Lighthouse,Singapore,P lutea,47,41 to 50,17,1.160165N 103.740344E,CAAGCAGAAGACGGCATACGAGAT,TGAGAAGAAAGG,AGTCAGTCAG,CC,GGACTACHVGGGTWTCTAAT,CAAGCAGAAGACGGCATACGAGATTGAGAAGAAAGGAGTCAGTCAGCCGGACTACHVGGGTWTCTAAT
MUX8117,ABB253 ,RL_Po_18,Raffles Lighthouse,Singapore,P lutea,14,10 to 20,21,1.160165N 103.740344E,CAAGCAGAAGACGGCATACGAGAT,TCGGATCTGTGA,AGTCAGTCAG,CC,GGACTACHVGGGTWTCTAAT,CAAGCAGAAGACGGCATACGAGATTCGGATCTGTGAAGTCAGTCAGCCGGACTACHVGGGTWTCTAAT
MUX8117,ABB254 ,RL_Po_19,Raffles Lighthouse,Singapore,P lutea,29,21 to 30,12,1.160165N 103.740344E,CAAGCAGAAGACGGCATACGAGAT,GCCGGTACTCTA,AGTCAGTCAG,CC,GGACTACHVGGGTWTCTAAT,CAAGCAGAAGACGGCATACGAGATGCCGGTACTCTAAGTCAGTCAGCCGGACTACHVGGGTWTCTAAT
MUX8117,ABB255 ,RL_Po_20,Raffles Lighthouse,Singapore,P lutea,19,10 to 20,15,1.160165N 103.740344E,CAAGCAGAAGACGGCATACGAGAT,CACAGGATTACC,AGTCAGTCAG,CC,GGACTACHVGGGTWTCTAAT,CAAGCAGAAGACGGCATACGAGATCACAGGATTACCAGTCAGTCAGCCGGACTACHVGGGTWTCTAAT
MUX8117,ABB256 ,Se_Po_01,Semakau,Singapore,P lutea,56,51 to 60,18,1.200136N 103.755956E,CAAGCAGAAGACGGCATACGAGAT,CGATATCAGTAG,AGTCAGTCAG,CC,GGACTACHVGGGTWTCTAAT,CAAGCAGAAGACGGCATACGAGATCGATATCAGTAGAGTCAGTCAGCCGGACTACHVGGGTWTCTAAT
MUX8117,ABB257 ,Se_Po_02,Semakau,Singapore,P lutea,42,41 to 50,14,1.200136N 103.755956E,CAAGCAGAAGACGGCATACGAGAT,CATAAGGGAGGC,AGTCAGTCAG,CC,GGACTACHVGGGTWTCTAAT,CAAGCAGAAGACGGCATACGAGATCATAAGGGAGGCAGTCAGTCAGCCGGACTACHVGGGTWTCTAAT
MUX8117,ABB258 ,Se_Po_03,Semakau,Singapore,P lutea,45,41 to 50,11,1.200136N 103.755956E,CAAGCAGAAGACGGCATACGAGAT,TGTGTTACTCCT,AGTCAGTCAG,CC,GGACTACHVGGGTWTCTAAT,CAAGCAGAAGACGGCATACGAGATTGTGTTACTCCTAGTCAGTCAGCCGGACTACHVGGGTWTCTAAT
MUX8117,ABB259 ,Se_Po_04,Semakau,Singapore,P lutea,34,31 to 40,21,1.200136N 103.755956E,CAAGCAGAAGACGGCATACGAGAT,GGTACCTGCAAT,AGTCAGTCAG,CC,GGACTACHVGGGTWTCTAAT,CAAGCAGAAGACGGCATACGAGATGGTACCTGCAATAGTCAGTCAGCCGGACTACHVGGGTWTCTAAT
MUX8117,ABB260 ,Se_Po_05,Semakau,Singapore,P lutea,45,41 to 50,18,1.200136N 103.755956E,CAAGCAGAAGACGGCATACGAGAT,TCGCCTATAAGG,AGTCAGTCAG,CC,GGACTACHVGGGTWTCTAAT,CAAGCAGAAGACGGCATACGAGATTCGCCTATAAGGAGTCAGTCAGCCGGACTACHVGGGTWTCTAAT
MUX8117,ABB261 ,Se_Po_06,Semakau,Singapore,P lutea,27,21 to 30,11,1.200136N 103.755956E,CAAGCAGAAGACGGCATACGAGAT,AGTGGCACTATC,AGTCAGTCAG,CC,GGACTACHVGGGTWTCTAAT,CAAGCAGAAGACGGCATACGAGATAGTGGCACTATCAGTCAGTCAGCCGGACTACHVGGGTWTCTAAT
MUX8117,ABB262 ,Se_Po_07,Semakau,Singapore,P lutea,59,51 to 60,17,1.200136N 103.755956E,CAAGCAGAAGACGGCATACGAGAT,TAACCCGATAGA,AGTCAGTCAG,CC,GGACTACHVGGGTWTCTAAT,CAAGCAGAAGACGGCATACGAGATTAACCCGATAGAAGTCAGTCAGCCGGACTACHVGGGTWTCTAAT
MUX8117,ABB263 ,Se_Po_08,Semakau,Singapore,P lutea,45,41 to 50,22,1.200136N 103.755956E,CAAGCAGAAGACGGCATACGAGAT,GTGTGCTAACGT,AGTCAGTCAG,CC,GGACTACHVGGGTWTCTAAT,CAAGCAGAAGACGGCATACGAGATGTGTGCTAACGTAGTCAGTCAGCCGGACTACHVGGGTWTCTAAT
MUX8117,ABB264 ,Se_Po_09,Semakau,Singapore,P lutea,24,21 to 30,17,1.200136N 103.755956E,CAAGCAGAAGACGGCATACGAGAT,CTTGCGGCAATC,AGTCAGTCAG,CC,GGACTACHVGGGTWTCTAAT,CAAGCAGAAGACGGCATACGAGATCTTGCGGCAATCAGTCAGTCAGCCGGACTACHVGGGTWTCTAAT
MUX8117,ABB265 ,Se_Po_10,Semakau,Singapore,P lutea,42,41 to 50,12,1.200136N 103.755956E,CAAGCAGAAGACGGCATACGAGAT,TGAGGTTTGATG,AGTCAGTCAG,CC,GGACTACHVGGGTWTCTAAT,CAAGCAGAAGACGGCATACGAGATTGAGGTTTGATGAGTCAGTCAGCCGGACTACHVGGGTWTCTAAT
MUX8117,ABB266 ,Se_Po_11,Semakau,Singapore,P lutea,29,21 to 30,17,1.200136N 103.755956E,CAAGCAGAAGACGGCATACGAGAT,ATTGCTGGTCGA,AGTCAGTCAG,CC,GGACTACHVGGGTWTCTAAT,CAAGCAGAAGACGGCATACGAGATATTGCTGGTCGAAGTCAGTCAGCCGGACTACHVGGGTWTCTAAT
MUX8117,ABB267 ,Se_Po_12,Semakau,Singapore,P lutea,31,31 to 40,19,1.200136N 103.755956E,CAAGCAGAAGACGGCATACGAGAT,AAGAAGCCGGAC,AGTCAGTCAG,CC,GGACTACHVGGGTWTCTAAT,CAAGCAGAAGACGGCATACGAGATAAGAAGCCGGACAGTCAGTCAGCCGGACTACHVGGGTWTCTAAT
MUX8117,ABB268 ,Se_Po_13,Semakau,Singapore,P lutea,34,31 to 40,21,1.200136N 103.755956E,CAAGCAGAAGACGGCATACGAGAT,ACGGGATACAGG,AGTCAGTCAG,CC,GGACTACHVGGGTWTCTAAT,CAAGCAGAAGACGGCATACGAGATACGGGATACAGGAGTCAGTCAGCCGGACTACHVGGGTWTCTAAT
MUX8117,ABB269 ,Se_Po_14,Semakau,Singapore,P lutea,36,31 to 40,16,1.200136N 103.755956E,CAAGCAGAAGACGGCATACGAGAT,AAGAGTCTCTAG,AGTCAGTCAG,CC,GGACTACHVGGGTWTCTAAT,CAAGCAGAAGACGGCATACGAGATAAGAGTCTCTAGAGTCAGTCAGCCGGACTACHVGGGTWTCTAAT
MUX8117,ABB270 ,Se_Po_15,Semakau,Singapore,P lutea,100,91 to 100,8,1.200136N 103.755956E,CAAGCAGAAGACGGCATACGAGAT,TCCGTCATGGGT,AGTCAGTCAG,CC,GGACTACHVGGGTWTCTAAT,CAAGCAGAAGACGGCATACGAGATTCCGTCATGGGTAGTCAGTCAGCCGGACTACHVGGGTWTCTAAT
MUX8117,ABB271 ,Se_Po_16,Semakau,Singapore,P lutea,40,31 to 40,15,1.200136N 103.755956E,CAAGCAGAAGACGGCATACGAGAT,AGATCTATGCAG,AGTCAGTCAG,CC,GGACTACHVGGGTWTCTAAT,CAAGCAGAAGACGGCATACGAGATAGATCTATGCAGAGTCAGTCAGCCGGACTACHVGGGTWTCTAAT
MUX8117,ABB272 ,Se_Po_17,Semakau,Singapore,P lutea,34,31 to 40,13,1.200136N 103.755956E,CAAGCAGAAGACGGCATACGAGAT,GCACAAGGCAAG,AGTCAGTCAG,CC,GGACTACHVGGGTWTCTAAT,CAAGCAGAAGACGGCATACGAGATGCACAAGGCAAGAGTCAGTCAGCCGGACTACHVGGGTWTCTAAT
MUX8117,ABB273 ,Se_Po_18,Semakau,Singapore,P lutea,52,51 to 60,15,1.200136N 103.755956E,CAAGCAGAAGACGGCATACGAGAT,CGGCAAACACTT,AGTCAGTCAG,CC,GGACTACHVGGGTWTCTAAT,CAAGCAGAAGACGGCATACGAGATCGGCAAACACTTAGTCAGTCAGCCGGACTACHVGGGTWTCTAAT
MUX8117,ABB274 ,Se_Po_19,Semakau,Singapore,P lutea,22,21 to 30,18,1.200136N 103.755956E,CAAGCAGAAGACGGCATACGAGAT,GCGAGTTCCTGT,AGTCAGTCAG,CC,GGACTACHVGGGTWTCTAAT,CAAGCAGAAGACGGCATACGAGATGCGAGTTCCTGTAGTCAGTCAGCCGGACTACHVGGGTWTCTAAT
MUX8117,ABB275 ,Se_Po_20,Semakau,Singapore,P lutea,19,10 to 20,16,1.200136N 103.755956E,CAAGCAGAAGACGGCATACGAGAT,TTCCGAATCGGC,AGTCAGTCAG,CC,GGACTACHVGGGTWTCTAAT,CAAGCAGAAGACGGCATACGAGATTTCCGAATCGGCAGTCAGTCAGCCGGACTACHVGGGTWTCTAAT
MUX8117,ABB276 ,SIS_Po_01,Sisters,Singapore,P lutea,34,31 to 40,9,1.212573N 103.836138E,CAAGCAGAAGACGGCATACGAGAT,TACCTAGTGAGA,AGTCAGTCAG,CC,GGACTACHVGGGTWTCTAAT,CAAGCAGAAGACGGCATACGAGATTACCTAGTGAGAAGTCAGTCAGCCGGACTACHVGGGTWTCTAAT
MUX8117,ABB277 ,SIS_Po_02,Sisters,Singapore,P lutea,27,21 to 30,11,1.212573N 103.836138E,CAAGCAGAAGACGGCATACGAGAT,CGTTCTGGTGGT,AGTCAGTCAG,CC,GGACTACHVGGGTWTCTAAT,CAAGCAGAAGACGGCATACGAGATCGTTCTGGTGGTAGTCAGTCAGCCGGACTACHVGGGTWTCTAAT
MUX8117,ABB278 ,SIS_Po_03,Sisters,Singapore,P lutea,48,41 to 50,8,1.212573N 103.836138E,CAAGCAGAAGACGGCATACGAGAT,TTGGTCTCCTCT,AGTCAGTCAG,CC,GGACTACHVGGGTWTCTAAT,CAAGCAGAAGACGGCATACGAGATTTGGTCTCCTCTAGTCAGTCAGCCGGACTACHVGGGTWTCTAAT
MUX8117,ABB279 ,SIS_Po_04,Sisters,Singapore,P lutea,31,31 to 40,10,1.212573N 103.836138E,CAAGCAGAAGACGGCATACGAGAT,CTGCATACTGAG,AGTCAGTCAG,CC,GGACTACHVGGGTWTCTAAT,CAAGCAGAAGACGGCATACGAGATCTGCATACTGAGAGTCAGTCAGCCGGACTACHVGGGTWTCTAAT
MUX8117,ABB280 ,SIS_Po_05,Sisters,Singapore,P lutea,34,31 to 40,15,1.212573N 103.836138E,CAAGCAGAAGACGGCATACGAGAT,CAGGGCCTTTGT,AGTCAGTCAG,CC,GGACTACHVGGGTWTCTAAT,CAAGCAGAAGACGGCATACGAGATCAGGGCCTTTGTAGTCAGTCAGCCGGACTACHVGGGTWTCTAAT
MUX8117,ABB281 ,SIS_Po_06,Sisters,Singapore,P lutea,45,41 to 50,9,1.212573N 103.836138E,CAAGCAGAAGACGGCATACGAGAT,CGATGAATATCG,AGTCAGTCAG,CC,GGACTACHVGGGTWTCTAAT,CAAGCAGAAGACGGCATACGAGATCGATGAATATCGAGTCAGTCAGCCGGACTACHVGGGTWTCTAAT
MUX8117,ABB282 ,SIS_Po_07,Sisters,Singapore,P lutea,32,31 to 40,9,1.212573N 103.836138E,CAAGCAGAAGACGGCATACGAGAT,GTCAATTAGTGG,AGTCAGTCAG,CC,GGACTACHVGGGTWTCTAAT,CAAGCAGAAGACGGCATACGAGATGTCAATTAGTGGAGTCAGTCAGCCGGACTACHVGGGTWTCTAAT
MUX8117,ABB283 ,SIS_Po_08,Sisters,Singapore,P lutea,48,41 to 50,9,1.212573N 103.836138E,CAAGCAGAAGACGGCATACGAGAT,AGTACGCAGTCT,AGTCAGTCAG,CC,GGACTACHVGGGTWTCTAAT,CAAGCAGAAGACGGCATACGAGATAGTACGCAGTCTAGTCAGTCAGCCGGACTACHVGGGTWTCTAAT
MUX8117,ABB284 ,SIS_Po_09,Sisters,Singapore,P lutea,50,41 to 50,not collected,1.212573N 103.836138E,CAAGCAGAAGACGGCATACGAGAT,AGCAGCTATTGC,AGTCAGTCAG,CC,GGACTACHVGGGTWTCTAAT,CAAGCAGAAGACGGCATACGAGATAGCAGCTATTGCAGTCAGTCAGCCGGACTACHVGGGTWTCTAAT
MUX8117,ABB285 ,SIS_Po_10,Sisters,Singapore,P lutea,83,81 to 90,not collected,1.212573N 103.836138E,CAAGCAGAAGACGGCATACGAGAT,CTCGGATAGATC,AGTCAGTCAG,CC,GGACTACHVGGGTWTCTAAT,CAAGCAGAAGACGGCATACGAGATCTCGGATAGATCAGTCAGTCAGCCGGACTACHVGGGTWTCTAAT
MUX8117,ABB286 ,SIS_Po_11,Sisters,Singapore,P lutea,27,21 to 30,11,1.212573N 103.836138E,CAAGCAGAAGACGGCATACGAGAT,TTCCCGAAACGA,AGTCAGTCAG,CC,GGACTACHVGGGTWTCTAAT,CAAGCAGAAGACGGCATACGAGATTTCCCGAAACGAAGTCAGTCAGCCGGACTACHVGGGTWTCTAAT
MUX8117,ABB287 ,SIS_Po_12,Sisters,Singapore,P lutea,83,82 to 90,not collected,1.212573N 103.836138E,CAAGCAGAAGACGGCATACGAGAT,GAACTTTAGCGC,AGTCAGTCAG,CC,GGACTACHVGGGTWTCTAAT,CAAGCAGAAGACGGCATACGAGATGAACTTTAGCGCAGTCAGTCAGCCGGACTACHVGGGTWTCTAAT
MUX8117,ABB288 ,SIS_Po_13,Sisters,Singapore,P lutea,58,51 to 60,not collected,1.212573N 103.836138E,CAAGCAGAAGACGGCATACGAGAT,TCCTTAGAAGGC,AGTCAGTCAG,CC,GGACTACHVGGGTWTCTAAT,CAAGCAGAAGACGGCATACGAGATTCCTTAGAAGGCAGTCAGTCAGCCGGACTACHVGGGTWTCTAAT
MUX8117,ABB289 ,SIS_Po_14,Sisters,Singapore,P lutea,21,21 to 30,14,1.212573N 103.836138E,CAAGCAGAAGACGGCATACGAGAT,GATGGACTTCAA,AGTCAGTCAG,CC,GGACTACHVGGGTWTCTAAT,CAAGCAGAAGACGGCATACGAGATGATGGACTTCAAAGTCAGTCAGCCGGACTACHVGGGTWTCTAAT
MUX8117,ABB290 ,SIS_Po_15,Sisters,Singapore,P lutea,21,21 to 30,14,1.212573N 103.836138E,CAAGCAGAAGACGGCATACGAGAT,TACTGAGCCTCG,AGTCAGTCAG,CC,GGACTACHVGGGTWTCTAAT,CAAGCAGAAGACGGCATACGAGATTACTGAGCCTCGAGTCAGTCAGCCGGACTACHVGGGTWTCTAAT
MUX8117,ABB291 ,SIS_Po_16,Sisters,Singapore,P lutea,29,21 to 30,17,1.212573N 103.836138E,CAAGCAGAAGACGGCATACGAGAT,AGAAGGCCTTAT,AGTCAGTCAG,CC,GGACTACHVGGGTWTCTAAT,CAAGCAGAAGACGGCATACGAGATAGAAGGCCTTATAGTCAGTCAGCCGGACTACHVGGGTWTCTAAT
MUX8117,ABB292 ,SIS_Po_17,Sisters,Singapore,P lutea,32,31 to 40,13,1.212573N 103.836138E,CAAGCAGAAGACGGCATACGAGAT,TGGAGCCTTGTC,AGTCAGTCAG,CC,GGACTACHVGGGTWTCTAAT,CAAGCAGAAGACGGCATACGAGATTGGAGCCTTGTCAGTCAGTCAGCCGGACTACHVGGGTWTCTAAT
MUX8117,ABB293 ,SIS_Po_18,Sisters,Singapore,P lutea,47,41 to 50,11,1.212573N 103.836138E,CAAGCAGAAGACGGCATACGAGAT,CTCGATGTAAGC,AGTCAGTCAG,CC,GGACTACHVGGGTWTCTAAT,CAAGCAGAAGACGGCATACGAGATCTCGATGTAAGCAGTCAGTCAGCCGGACTACHVGGGTWTCTAAT
MUX8117,ABB294 ,SIS_Po_19,Sisters,Singapore,P lutea,21,21 to 30,17,1.212573N 103.836138E,CAAGCAGAAGACGGCATACGAGAT,AGCTTCGACAGT,AGTCAGTCAG,CC,GGACTACHVGGGTWTCTAAT,CAAGCAGAAGACGGCATACGAGATAGCTTCGACAGTAGTCAGTCAGCCGGACTACHVGGGTWTCTAAT
MUX8117,ABB295 ,SIS_Po_20,Sisters,Singapore,P lutea,52,51 to 60,8,1.212573N 103.836138E,CAAGCAGAAGACGGCATACGAGAT,ATACGCATCAAG,AGTCAGTCAG,CC,GGACTACHVGGGTWTCTAAT,CAAGCAGAAGACGGCATACGAGATATACGCATCAAGAGTCAGTCAGCCGGACTACHVGGGTWTCTAAT
MUX8117,ABB296 ,Jo_Po_01,Jong,Singapore,P lutea,28,21 to 30,11,1.215304N 103.785751E,CAAGCAGAAGACGGCATACGAGAT,AGATGTCCGTCA,AGTCAGTCAG,CC,GGACTACHVGGGTWTCTAAT,CAAGCAGAAGACGGCATACGAGATAGATGTCCGTCAAGTCAGTCAGCCGGACTACHVGGGTWTCTAAT
MUX8117,ABB297 ,Jo_Po_02,Jong,Singapore,P lutea,39,31 to 40,9,1.215304N 103.785751E,CAAGCAGAAGACGGCATACGAGAT,GCACCTGTTGAA,AGTCAGTCAG,CC,GGACTACHVGGGTWTCTAAT,CAAGCAGAAGACGGCATACGAGATGCACCTGTTGAAAGTCAGTCAGCCGGACTACHVGGGTWTCTAAT
MUX8117,ABB298 ,Jo_Po_03,Jong,Singapore,P lutea,35,31 to 40,12,1.215304N 103.785751E,CAAGCAGAAGACGGCATACGAGAT,CCTAGAGAAACT,AGTCAGTCAG,CC,GGACTACHVGGGTWTCTAAT,CAAGCAGAAGACGGCATACGAGATCCTAGAGAAACTAGTCAGTCAGCCGGACTACHVGGGTWTCTAAT
MUX8117,ABB299 ,Jo_Po_04,Jong,Singapore,P lutea,30,21 to 30,10,1.215304N 103.785751E,CAAGCAGAAGACGGCATACGAGAT,GAGGTTCTTGAC,AGTCAGTCAG,CC,GGACTACHVGGGTWTCTAAT,CAAGCAGAAGACGGCATACGAGATGAGGTTCTTGACAGTCAGTCAGCCGGACTACHVGGGTWTCTAAT
MUX8117,ABB300 ,Jo_Po_05,Jong,Singapore,P lutea,34,31 to 40,9,1.215304N 103.785751E,CAAGCAGAAGACGGCATACGAGAT,CTGTAAAGGTTG,AGTCAGTCAG,CC,GGACTACHVGGGTWTCTAAT,CAAGCAGAAGACGGCATACGAGATCTGTAAAGGTTGAGTCAGTCAGCCGGACTACHVGGGTWTCTAAT
MUX8117,ABB301 ,Jo_Po_06,Jong,Singapore,P lutea,30,21 to 30,10,1.215304N 103.785751E,CAAGCAGAAGACGGCATACGAGAT,TGAGTCATTGAG,AGTCAGTCAG,CC,GGACTACHVGGGTWTCTAAT,CAAGCAGAAGACGGCATACGAGATTGAGTCATTGAGAGTCAGTCAGCCGGACTACHVGGGTWTCTAAT
MUX8117,ABB302 ,Jo_Po_07,Jong,Singapore,P lutea,60,51 to 60,10,1.215304N 103.785751E,CAAGCAGAAGACGGCATACGAGAT,TACGGCAGTTCA,AGTCAGTCAG,CC,GGACTACHVGGGTWTCTAAT,CAAGCAGAAGACGGCATACGAGATTACGGCAGTTCAAGTCAGTCAGCCGGACTACHVGGGTWTCTAAT
MUX8117,ABB303 ,Jo_Po_08,Jong,Singapore,P lutea,33,31 to 40,9,1.215304N 103.785751E,CAAGCAGAAGACGGCATACGAGAT,CTCTAGAAGAGT,AGTCAGTCAG,CC,GGACTACHVGGGTWTCTAAT,CAAGCAGAAGACGGCATACGAGATCTCTAGAAGAGTAGTCAGTCAGCCGGACTACHVGGGTWTCTAAT
MUX8117,ABB304 ,Jo_Po_09,Jong,Singapore,P lutea,26,21 to 30,15,1.215304N 103.785751E,CAAGCAGAAGACGGCATACGAGAT,TGCACAGTCGCT,AGTCAGTCAG,CC,GGACTACHVGGGTWTCTAAT,CAAGCAGAAGACGGCATACGAGATTGCACAGTCGCTAGTCAGTCAGCCGGACTACHVGGGTWTCTAAT
MUX8117,ABB305 ,Jo_Po_10,Jong,Singapore,P lutea,17,10 to 20,15,1.215304N 103.785751E,CAAGCAGAAGACGGCATACGAGAT,CATGCGGATCCT,AGTCAGTCAG,CC,GGACTACHVGGGTWTCTAAT,CAAGCAGAAGACGGCATACGAGATCATGCGGATCCTAGTCAGTCAGCCGGACTACHVGGGTWTCTAAT
MUX8117,ABB306 ,Jo_Po_11,Jong,Singapore,P lutea,20,10 to 20,10,1.215304N 103.785751E,CAAGCAGAAGACGGCATACGAGAT,TGCTCCGTAGAA,AGTCAGTCAG,CC,GGACTACHVGGGTWTCTAAT,CAAGCAGAAGACGGCATACGAGATTGCTCCGTAGAAAGTCAGTCAGCCGGACTACHVGGGTWTCTAAT
MUX8117,ABB307 ,Jo_Po_12,Jong,Singapore,P lutea,18,10 to 20,14,1.215304N 103.785751E,CAAGCAGAAGACGGCATACGAGAT,TGATAGGTACAC,AGTCAGTCAG,CC,GGACTACHVGGGTWTCTAAT,CAAGCAGAAGACGGCATACGAGATTGATAGGTACACAGTCAGTCAGCCGGACTACHVGGGTWTCTAAT
MUX8117,ABB308 ,Jo_Po_13,Jong,Singapore,P lutea,14,10 to 20,15,1.215304N 103.785751E,CAAGCAGAAGACGGCATACGAGAT,CGAGTTCATCGA,AGTCAGTCAG,CC,GGACTACHVGGGTWTCTAAT,CAAGCAGAAGACGGCATACGAGATCGAGTTCATCGAAGTCAGTCAGCCGGACTACHVGGGTWTCTAAT
MUX8117,ABB309 ,Jo_Po_14,Jong,Singapore,P lutea,23,21 to 30,16,1.215304N 103.785751E,CAAGCAGAAGACGGCATACGAGAT,AAGCAGATTGTC,AGTCAGTCAG,CC,GGACTACHVGGGTWTCTAAT,CAAGCAGAAGACGGCATACGAGATAAGCAGATTGTCAGTCAGTCAGCCGGACTACHVGGGTWTCTAAT
MUX8117,ABB310 ,Jo_Po_15,Jong,Singapore,P lutea,24,21 to 30,12,1.215304N 103.785751E,CAAGCAGAAGACGGCATACGAGAT,TAGAGGCGTAGG,AGTCAGTCAG,CC,GGACTACHVGGGTWTCTAAT,CAAGCAGAAGACGGCATACGAGATTAGAGGCGTAGGAGTCAGTCAGCCGGACTACHVGGGTWTCTAAT
MUX8117,ABB311 ,Jo_Po_16,Jong,Singapore,P lutea,45,41 to 50,10,1.215304N 103.785751E,CAAGCAGAAGACGGCATACGAGAT,TCAGCGCCGTTA,AGTCAGTCAG,CC,GGACTACHVGGGTWTCTAAT,CAAGCAGAAGACGGCATACGAGATTCAGCGCCGTTAAGTCAGTCAGCCGGACTACHVGGGTWTCTAAT
MUX8117,ABB312 ,Jo_Po_17,Jong,Singapore,P lutea,37,31 to 40,8,1.215304N 103.785751E,CAAGCAGAAGACGGCATACGAGAT,TAGACCGACTCC,AGTCAGTCAG,CC,GGACTACHVGGGTWTCTAAT,CAAGCAGAAGACGGCATACGAGATTAGACCGACTCCAGTCAGTCAGCCGGACTACHVGGGTWTCTAAT
MUX8117,ABB313 ,Jo_Po_18,Jong,Singapore,P lutea,39,31 to 40,9,1.215304N 103.785751E,CAAGCAGAAGACGGCATACGAGAT,GTCAACGCTGTC,AGTCAGTCAG,CC,GGACTACHVGGGTWTCTAAT,CAAGCAGAAGACGGCATACGAGATGTCAACGCTGTCAGTCAGTCAGCCGGACTACHVGGGTWTCTAAT
MUX8117,ABB314 ,Jo_Po_19,Jong,Singapore,P lutea,12,10 to 20,12,1.215304N 103.785751E,CAAGCAGAAGACGGCATACGAGAT,ACAGGAGGGTGT,AGTCAGTCAG,CC,GGACTACHVGGGTWTCTAAT,CAAGCAGAAGACGGCATACGAGATACAGGAGGGTGTAGTCAGTCAGCCGGACTACHVGGGTWTCTAAT
MUX8117,ABB315 ,Jo_Po_20,Jong,Singapore,P lutea,34,31 to 40,10,1.215304N 103.785751E,CAAGCAGAAGACGGCATACGAGAT,GCTGTCGTCAAC,AGTCAGTCAG,CC,GGACTACHVGGGTWTCTAAT,CAAGCAGAAGACGGCATACGAGATGCTGTCGTCAACAGTCAGTCAGCCGGACTACHVGGGTWTCTAAT
MUX8117,ABB316 ,Ha_Po_01,Hantu,Singapore,P lutea,not collected,not collected,14,1.227835N 103.746328E,CAAGCAGAAGACGGCATACGAGAT,ATAGAGGCCATT,AGTCAGTCAG,CC,GGACTACHVGGGTWTCTAAT,CAAGCAGAAGACGGCATACGAGATATAGAGGCCATTAGTCAGTCAGCCGGACTACHVGGGTWTCTAAT
MUX8117,ABB317 ,Ha_Po_02,Hantu,Singapore,P lutea,not collected,not collected,17,1.227835N 103.746328E,CAAGCAGAAGACGGCATACGAGAT,AAGCTTGAAACC,AGTCAGTCAG,CC,GGACTACHVGGGTWTCTAAT,CAAGCAGAAGACGGCATACGAGATAAGCTTGAAACCAGTCAGTCAGCCGGACTACHVGGGTWTCTAAT
MUX8117,ABB318 ,Ha_Po_03,Hantu,Singapore,P lutea,not collected,not collected,22,1.227835N 103.746328E,CAAGCAGAAGACGGCATACGAGAT,TAAGCGTCTCGA,AGTCAGTCAG,CC,GGACTACHVGGGTWTCTAAT,CAAGCAGAAGACGGCATACGAGATTAAGCGTCTCGAAGTCAGTCAGCCGGACTACHVGGGTWTCTAAT
MUX8117,ABB319 ,Ha_Po_04,Hantu,Singapore,P lutea,not collected,not collected,19,1.227835N 103.746328E,CAAGCAGAAGACGGCATACGAGAT,ATAGCTTCGTGG,AGTCAGTCAG,CC,GGACTACHVGGGTWTCTAAT,CAAGCAGAAGACGGCATACGAGATATAGCTTCGTGGAGTCAGTCAGCCGGACTACHVGGGTWTCTAAT
MUX8117,ABB320 ,Ha_Po_05,Hantu,Singapore,P lutea,not collected,not collected,22,1.227835N 103.746328E,CAAGCAGAAGACGGCATACGAGAT,CGGGATCAAATT,AGTCAGTCAG,CC,GGACTACHVGGGTWTCTAAT,CAAGCAGAAGACGGCATACGAGATCGGGATCAAATTAGTCAGTCAGCCGGACTACHVGGGTWTCTAAT
MUX8117,ABB321 ,Ha_Po_06,Hantu,Singapore,P lutea,not collected,not collected,18,1.227835N 103.746328E,CAAGCAGAAGACGGCATACGAGAT,AGTCATCGAATG,AGTCAGTCAG,CC,GGACTACHVGGGTWTCTAAT,CAAGCAGAAGACGGCATACGAGATAGTCATCGAATGAGTCAGTCAGCCGGACTACHVGGGTWTCTAAT
MUX8117,ABB322 ,Ha_Po_07,Hantu,Singapore,P lutea,not collected,not collected,17,1.227835N 103.746328E,CAAGCAGAAGACGGCATACGAGAT,ATCTTGGAGTCG,AGTCAGTCAG,CC,GGACTACHVGGGTWTCTAAT,CAAGCAGAAGACGGCATACGAGATATCTTGGAGTCGAGTCAGTCAGCCGGACTACHVGGGTWTCTAAT
MUX8117,ABB323 ,Ha_Po_08,Hantu,Singapore,P lutea,not collected,not collected,18,1.227835N 103.746328E,CAAGCAGAAGACGGCATACGAGAT,AGCACCGGTCTT,AGTCAGTCAG,CC,GGACTACHVGGGTWTCTAAT,CAAGCAGAAGACGGCATACGAGATAGCACCGGTCTTAGTCAGTCAGCCGGACTACHVGGGTWTCTAAT
MUX8117,ABB324 ,Ha_Po_09,Hantu,Singapore,P lutea,not collected,not collected,17,1.227835N 103.746328E,CAAGCAGAAGACGGCATACGAGAT,GCAAATCAGCCT,AGTCAGTCAG,CC,GGACTACHVGGGTWTCTAAT,CAAGCAGAAGACGGCATACGAGATGCAAATCAGCCTAGTCAGTCAGCCGGACTACHVGGGTWTCTAAT
MUX8117,ABB325 ,Ha_Po_10,Hantu,Singapore,P lutea,not collected,not collected,20,1.227835N 103.746328E,CAAGCAGAAGACGGCATACGAGAT,GCAAGCTGTCTC,AGTCAGTCAG,CC,GGACTACHVGGGTWTCTAAT,CAAGCAGAAGACGGCATACGAGATGCAAGCTGTCTCAGTCAGTCAGCCGGACTACHVGGGTWTCTAAT
MUX8117,ABB326 ,Ha_Po_11,Hantu,Singapore,P lutea,not collected,not collected,16,1.227835N 103.746328E,CAAGCAGAAGACGGCATACGAGAT,AGCGGCCTATTA,AGTCAGTCAG,CC,GGACTACHVGGGTWTCTAAT,CAAGCAGAAGACGGCATACGAGATAGCGGCCTATTAAGTCAGTCAGCCGGACTACHVGGGTWTCTAAT
MUX8117,ABB327 ,Ha_Po_12,Hantu,Singapore,P lutea,not collected,not collected,17,1.227835N 103.746328E,CAAGCAGAAGACGGCATACGAGAT,TCTTCAACTACC,AGTCAGTCAG,CC,GGACTACHVGGGTWTCTAAT,CAAGCAGAAGACGGCATACGAGATTCTTCAACTACCAGTCAGTCAGCCGGACTACHVGGGTWTCTAAT
MUX8117,ABB328 ,Ha_Po_13,Hantu,Singapore,P lutea,not collected,not collected,13,1.227835N 103.746328E,CAAGCAGAAGACGGCATACGAGAT,TGGAATTCGGCT,AGTCAGTCAG,CC,GGACTACHVGGGTWTCTAAT,CAAGCAGAAGACGGCATACGAGATTGGAATTCGGCTAGTCAGTCAGCCGGACTACHVGGGTWTCTAAT
MUX8117,ABB329 ,Ha_Po_14,Hantu,Singapore,P lutea,not collected,not collected,not collected,1.227835N 103.746328E,CAAGCAGAAGACGGCATACGAGAT,TAAGATGCAGTC,AGTCAGTCAG,CC,GGACTACHVGGGTWTCTAAT,CAAGCAGAAGACGGCATACGAGATTAAGATGCAGTCAGTCAGTCAGCCGGACTACHVGGGTWTCTAAT
MUX8117,ABB330 ,Ha_Po_15,Hantu,Singapore,P lutea,not collected,not collected,19,1.227835N 103.746328E,CAAGCAGAAGACGGCATACGAGAT,TGCCGAGTAATC,AGTCAGTCAG,CC,GGACTACHVGGGTWTCTAAT,CAAGCAGAAGACGGCATACGAGATTGCCGAGTAATCAGTCAGTCAGCCGGACTACHVGGGTWTCTAAT
MUX8117,ABB331 ,Ha_Po_16,Hantu,Singapore,P lutea,not collected,not collected,17,1.227835N 103.746328E,CAAGCAGAAGACGGCATACGAGAT,ACCTTGACAAGA,AGTCAGTCAG,CC,GGACTACHVGGGTWTCTAAT,CAAGCAGAAGACGGCATACGAGATACCTTGACAAGAAGTCAGTCAGCCGGACTACHVGGGTWTCTAAT
MUX8117,ABB332 ,Ha_Po_17,Hantu,Singapore,P lutea,not collected,not collected,19,1.227835N 103.746328E,CAAGCAGAAGACGGCATACGAGAT,GTAACCACCACC,AGTCAGTCAG,CC,GGACTACHVGGGTWTCTAAT,CAAGCAGAAGACGGCATACGAGATGTAACCACCACCAGTCAGTCAGCCGGACTACHVGGGTWTCTAAT
MUX8117,ABB333 ,Ha_Po_18,Hantu,Singapore,P lutea,not collected,not collected,15,1.227835N 103.746328E,CAAGCAGAAGACGGCATACGAGAT,CATAGCTCGGTC,AGTCAGTCAG,CC,GGACTACHVGGGTWTCTAAT,CAAGCAGAAGACGGCATACGAGATCATAGCTCGGTCAGTCAGTCAGCCGGACTACHVGGGTWTCTAAT
MUX8117,ABB334 ,Ha_Po_19,Hantu,Singapore,P lutea,not collected,not collected,15,1.227835N 103.746328E,CAAGCAGAAGACGGCATACGAGAT,AACCATGCCAAC,AGTCAGTCAG,CC,GGACTACHVGGGTWTCTAAT,CAAGCAGAAGACGGCATACGAGATAACCATGCCAACAGTCAGTCAGCCGGACTACHVGGGTWTCTAAT
MUX8117,ABB335 ,Ha_Po_20,Hantu,Singapore,P lutea,not collected,not collected,16,1.227835N 103.746328E,CAAGCAGAAGACGGCATACGAGAT,TATGGAGCTAGT,AGTCAGTCAG,CC,GGACTACHVGGGTWTCTAAT,CAAGCAGAAGACGGCATACGAGATTATGGAGCTAGTAGTCAGTCAGCCGGACTACHVGGGTWTCTAAT
MUX8117,ABB336 ,TM_REL_Po_B90,Tanah Merah,Singapore,P lutea,not collected,not collected,not collected,1.310752N 103.994298E,CAAGCAGAAGACGGCATACGAGAT,ACTACCTCTTCA,AGTCAGTCAG,CC,GGACTACHVGGGTWTCTAAT,CAAGCAGAAGACGGCATACGAGATACTACCTCTTCAAGTCAGTCAGCCGGACTACHVGGGTWTCTAAT
MUX8117,ABB337 ,TM_REL_Po_B91,Tanah Merah,Singapore,P lutea,not collected,not collected,not collected,1.310752N 103.994298E,CAAGCAGAAGACGGCATACGAGAT,GATGATAACCCA,AGTCAGTCAG,CC,GGACTACHVGGGTWTCTAAT,CAAGCAGAAGACGGCATACGAGATGATGATAACCCAAGTCAGTCAGCCGGACTACHVGGGTWTCTAAT
MUX8117,ABB338 ,TM_REL_Po_B92,Tanah Merah,Singapore,P lutea,not collected,not collected,not collected,1.310752N 103.994298E,CAAGCAGAAGACGGCATACGAGAT,GGCCCAATATAA,AGTCAGTCAG,CC,GGACTACHVGGGTWTCTAAT,CAAGCAGAAGACGGCATACGAGATGGCCCAATATAAAGTCAGTCAGCCGGACTACHVGGGTWTCTAAT
MUX8117,ABB339 ,TM_REL_Po_B93,Tanah Merah,Singapore,P lutea,not collected,not collected,not collected,1.310752N 103.994298E,CAAGCAGAAGACGGCATACGAGAT,TTGTATGACAGG,AGTCAGTCAG,CC,GGACTACHVGGGTWTCTAAT,CAAGCAGAAGACGGCATACGAGATTTGTATGACAGGAGTCAGTCAGCCGGACTACHVGGGTWTCTAAT
MUX8117,ABB340 ,TM_REL_Po_B94,Tanah Merah,Singapore,P lutea,not collected,not collected,not collected,1.310752N 103.994298E,CAAGCAGAAGACGGCATACGAGAT,GGTAAGTTTGAC,AGTCAGTCAG,CC,GGACTACHVGGGTWTCTAAT,CAAGCAGAAGACGGCATACGAGATGGTAAGTTTGACAGTCAGTCAGCCGGACTACHVGGGTWTCTAAT
MUX8117,ABB341 ,TM_REL_Po_B95,Tanah Merah,Singapore,P lutea,not collected,not collected,not collected,1.310752N 103.994298E,CAAGCAGAAGACGGCATACGAGAT,CTACCACGGTAC,AGTCAGTCAG,CC,GGACTACHVGGGTWTCTAAT,CAAGCAGAAGACGGCATACGAGATCTACCACGGTACAGTCAGTCAGCCGGACTACHVGGGTWTCTAAT
MUX8117,ABB342 ,TM_REL_Po_B96,Tanah Merah,Singapore,P lutea,not collected,not collected,not collected,1.310752N 103.994298E,CAAGCAGAAGACGGCATACGAGAT,CGGTCTGTCTGA,AGTCAGTCAG,CC,GGACTACHVGGGTWTCTAAT,CAAGCAGAAGACGGCATACGAGATCGGTCTGTCTGAAGTCAGTCAGCCGGACTACHVGGGTWTCTAAT
MUX8117,ABB343 ,TM_REL_Po_B97,Tanah Merah,Singapore,P lutea,not collected,not collected,not collected,1.310752N 103.994298E,CAAGCAGAAGACGGCATACGAGAT,GTACATGTCGCC,AGTCAGTCAG,CC,GGACTACHVGGGTWTCTAAT,CAAGCAGAAGACGGCATACGAGATGTACATGTCGCCAGTCAGTCAGCCGGACTACHVGGGTWTCTAAT
MUX8117,ABB344 ,TM_REL_Po_B98,Tanah Merah,Singapore,P lutea,not collected,not collected,not collected,1.310752N 103.994298E,CAAGCAGAAGACGGCATACGAGAT,TTCTAGAGTGCG,AGTCAGTCAG,CC,GGACTACHVGGGTWTCTAAT,CAAGCAGAAGACGGCATACGAGATTTCTAGAGTGCGAGTCAGTCAGCCGGACTACHVGGGTWTCTAAT
MUX8117,ABB345 ,TM_REL_Po_B99,Tanah Merah,Singapore,P lutea,not collected,not collected,not collected,1.310752N 103.994298E,CAAGCAGAAGACGGCATACGAGAT,ACGGATGTTATG,AGTCAGTCAG,CC,GGACTACHVGGGTWTCTAAT,CAAGCAGAAGACGGCATACGAGATACGGATGTTATGAGTCAGTCAGCCGGACTACHVGGGTWTCTAAT
MUX8117,ABB346 ,TM_REL_Po_B100,Tanah Merah,Singapore,P lutea,not collected,not collected,not collected,1.310752N 103.994298E,CAAGCAGAAGACGGCATACGAGAT,TTGAGGCTACAA,AGTCAGTCAG,CC,GGACTACHVGGGTWTCTAAT,CAAGCAGAAGACGGCATACGAGATTTGAGGCTACAAAGTCAGTCAGCCGGACTACHVGGGTWTCTAAT
MUX8117,ABB347 ,TM_REL_Po_B101,Tanah Merah,Singapore,P lutea,not collected,not collected,not collected,1.310752N 103.994298E,CAAGCAGAAGACGGCATACGAGAT,GTAGGAACCGGA,AGTCAGTCAG,CC,GGACTACHVGGGTWTCTAAT,CAAGCAGAAGACGGCATACGAGATGTAGGAACCGGAAGTCAGTCAGCCGGACTACHVGGGTWTCTAAT
MUX8117,ABB348 ,TM_REL_Po_B102,Tanah Merah,Singapore,P lutea,not collected,not collected,not collected,1.310752N 103.994298E,CAAGCAGAAGACGGCATACGAGAT,ACATCTAGCAGA,AGTCAGTCAG,CC,GGACTACHVGGGTWTCTAAT,CAAGCAGAAGACGGCATACGAGATACATCTAGCAGAAGTCAGTCAGCCGGACTACHVGGGTWTCTAAT
MUX8117,ABB349 ,TM_REL_Po_B103,Tanah Merah,Singapore,P lutea,not collected,not collected,not collected,1.310752N 103.994298E,CAAGCAGAAGACGGCATACGAGAT,CCGACATTGTAG,AGTCAGTCAG,CC,GGACTACHVGGGTWTCTAAT,CAAGCAGAAGACGGCATACGAGATCCGACATTGTAGAGTCAGTCAGCCGGACTACHVGGGTWTCTAAT
MUX8117,ABB350 ,TM_REL_Po_B104,Tanah Merah,Singapore,P lutea,not collected,not collected,not collected,1.310752N 103.994298E,CAAGCAGAAGACGGCATACGAGAT,CATGTAAGGCTC,AGTCAGTCAG,CC,GGACTACHVGGGTWTCTAAT,CAAGCAGAAGACGGCATACGAGATCATGTAAGGCTCAGTCAGTCAGCCGGACTACHVGGGTWTCTAAT
MUX8117,ABB351 ,TM_REL_Po_B105,Tanah Merah,Singapore,P lutea,not collected,not collected,not collected,1.310752N 103.994298E,CAAGCAGAAGACGGCATACGAGAT,TGCAAGCTAAGT,AGTCAGTCAG,CC,GGACTACHVGGGTWTCTAAT,CAAGCAGAAGACGGCATACGAGATTGCAAGCTAAGTAGTCAGTCAGCCGGACTACHVGGGTWTCTAAT
MUX8117,ABB352 ,TM_REL_Po_B106,Tanah Merah,Singapore,P lutea,not collected,not collected,not collected,1.310752N 103.994298E,CAAGCAGAAGACGGCATACGAGAT,GTGTGTGCCATA,AGTCAGTCAG,CC,GGACTACHVGGGTWTCTAAT,CAAGCAGAAGACGGCATACGAGATGTGTGTGCCATAAGTCAGTCAGCCGGACTACHVGGGTWTCTAAT
MUX8117,ABB353 ,TM_REL_Po_B107,Tanah Merah,Singapore,P lutea,not collected,not collected,not collected,1.310752N 103.994298E,CAAGCAGAAGACGGCATACGAGAT,TGACAACCGAAT,AGTCAGTCAG,CC,GGACTACHVGGGTWTCTAAT,CAAGCAGAAGACGGCATACGAGATTGACAACCGAATAGTCAGTCAGCCGGACTACHVGGGTWTCTAAT
MUX8117,ABB354 ,TM_REL_Po_B108,Tanah Merah,Singapore,P lutea,not collected,not collected,not collected,1.310752N 103.994298E,CAAGCAGAAGACGGCATACGAGAT,TAGGCTCGTGCT,AGTCAGTCAG,CC,GGACTACHVGGGTWTCTAAT,CAAGCAGAAGACGGCATACGAGATTAGGCTCGTGCTAGTCAGTCAGCCGGACTACHVGGGTWTCTAAT
MUX8117,ABB355 ,TM_REL_Po_B109,Tanah Merah,Singapore,P lutea,not collected,not collected,not collected,1.310752N 103.994298E,CAAGCAGAAGACGGCATACGAGAT,CTCCTTAAGGCG,AGTCAGTCAG,CC,GGACTACHVGGGTWTCTAAT,CAAGCAGAAGACGGCATACGAGATCTCCTTAAGGCGAGTCAGTCAGCCGGACTACHVGGGTWTCTAAT
MUX8117,ABB356 ,Blank_01,N/A,N/A,N/A,N/A,,not collected,N/A,CAAGCAGAAGACGGCATACGAGAT,TTGCCTGGGTCA,AGTCAGTCAG,CC,GGACTACHVGGGTWTCTAAT,CAAGCAGAAGACGGCATACGAGATTTGCCTGGGTCAAGTCAGTCAGCCGGACTACHVGGGTWTCTAAT
MUX8117,ABB357 ,Blank_02,N/A,N/A,N/A,N/A,,not collected,N/A,CAAGCAGAAGACGGCATACGAGAT,CAATTCTGCTTC,AGTCAGTCAG,CC,GGACTACHVGGGTWTCTAAT,CAAGCAGAAGACGGCATACGAGATCAATTCTGCTTCAGTCAGTCAGCCGGACTACHVGGGTWTCTAAT
MUX8117,ABB358 ,Blank_03,N/A,N/A,N/A,N/A,,not collected,N/A,CAAGCAGAAGACGGCATACGAGAT,ACTGGCAAACCT,AGTCAGTCAG,CC,GGACTACHVGGGTWTCTAAT,CAAGCAGAAGACGGCATACGAGATACTGGCAAACCTAGTCAGTCAGCCGGACTACHVGGGTWTCTAAT
MUX8117,ABB359 ,Blank_04,N/A,N/A,N/A,N/A,,not collected,N/A,CAAGCAGAAGACGGCATACGAGAT,AATCAGAGCTTG,AGTCAGTCAG,CC,GGACTACHVGGGTWTCTAAT,CAAGCAGAAGACGGCATACGAGATAATCAGAGCTTGAGTCAGTCAGCCGGACTACHVGGGTWTCTAAT
MUX8117,ABB360 ,SS_Po_01A,Sultan Shoal,Singapore,P lutea,not collected,not collected,not collected,1.239384N 103.648806E,CAAGCAGAAGACGGCATACGAGAT,CAATGTAGACAC,AGTCAGTCAG,CC,GGACTACHVGGGTWTCTAAT,CAAGCAGAAGACGGCATACGAGATCAATGTAGACACAGTCAGTCAGCCGGACTACHVGGGTWTCTAAT
MUX8117,ABB361 ,SS_Po_02A,Sultan Shoal,Singapore,P lutea,not collected,not collected,not collected,1.239384N 103.648806E,CAAGCAGAAGACGGCATACGAGAT,TGGCGATACGTT,AGTCAGTCAG,CC,GGACTACHVGGGTWTCTAAT,CAAGCAGAAGACGGCATACGAGATTGGCGATACGTTAGTCAGTCAGCCGGACTACHVGGGTWTCTAAT
MUX8117,ABB362 ,SS_Po_03A,Sultan Shoal,Singapore,P lutea,not collected,not collected,not collected,1.239384N 103.648806E,CAAGCAGAAGACGGCATACGAGAT,GCCTTACGATAG,AGTCAGTCAG,CC,GGACTACHVGGGTWTCTAAT,CAAGCAGAAGACGGCATACGAGATGCCTTACGATAGAGTCAGTCAGCCGGACTACHVGGGTWTCTAAT
MUX8117,ABB363 ,SS_Po_04A,Sultan Shoal,Singapore,P lutea,not collected,not collected,not collected,1.239384N 103.648806E,CAAGCAGAAGACGGCATACGAGAT,TACCTGTGTCTT,AGTCAGTCAG,CC,GGACTACHVGGGTWTCTAAT,CAAGCAGAAGACGGCATACGAGATTACCTGTGTCTTAGTCAGTCAGCCGGACTACHVGGGTWTCTAAT
MUX8117,ABB364 ,SS_Po_05A,Sultan Shoal,Singapore,P lutea,not collected,not collected,not collected,1.239384N 103.648806E,CAAGCAGAAGACGGCATACGAGAT,AACGAGGCAACG,AGTCAGTCAG,CC,GGACTACHVGGGTWTCTAAT,CAAGCAGAAGACGGCATACGAGATAACGAGGCAACGAGTCAGTCAGCCGGACTACHVGGGTWTCTAAT
MUX8117,ABB365 ,SS_Po_06A,Sultan Shoal,Singapore,P lutea,not collected,not collected,not collected,1.239384N 103.648806E,CAAGCAGAAGACGGCATACGAGAT,GAAGACAGCGAC,AGTCAGTCAG,CC,GGACTACHVGGGTWTCTAAT,CAAGCAGAAGACGGCATACGAGATGAAGACAGCGACAGTCAGTCAGCCGGACTACHVGGGTWTCTAAT
MUX8117,ABB366 ,SS_Po_07A,Sultan Shoal,Singapore,P lutea,not collected,not collected,not collected,1.239384N 103.648806E,CAAGCAGAAGACGGCATACGAGAT,ACACCTGCGATC,AGTCAGTCAG,CC,GGACTACHVGGGTWTCTAAT,CAAGCAGAAGACGGCATACGAGATACACCTGCGATCAGTCAGTCAGCCGGACTACHVGGGTWTCTAAT
MUX8117,ABB367 ,SS_Po_08A,Sultan Shoal,Singapore,P lutea,not collected,not collected,not collected,1.239384N 103.648806E,CAAGCAGAAGACGGCATACGAGAT,GGCGTTGCATTC,AGTCAGTCAG,CC,GGACTACHVGGGTWTCTAAT,CAAGCAGAAGACGGCATACGAGATGGCGTTGCATTCAGTCAGTCAGCCGGACTACHVGGGTWTCTAAT
MUX8117,ABB368 ,SS_Po_09A,Sultan Shoal,Singapore,P lutea,not collected,not collected,not collected,1.239384N 103.648806E,CAAGCAGAAGACGGCATACGAGAT,ACTAGCGTTCAG,AGTCAGTCAG,CC,GGACTACHVGGGTWTCTAAT,CAAGCAGAAGACGGCATACGAGATACTAGCGTTCAGAGTCAGTCAGCCGGACTACHVGGGTWTCTAAT
MUX8117,ABB369 ,SS_Po_10A,Sultan Shoal,Singapore,P lutea,not collected,not collected,not collected,1.239384N 103.648806E,CAAGCAGAAGACGGCATACGAGAT,TTGCGACAAAGT,AGTCAGTCAG,CC,GGACTACHVGGGTWTCTAAT,CAAGCAGAAGACGGCATACGAGATTTGCGACAAAGTAGTCAGTCAGCCGGACTACHVGGGTWTCTAAT
MUX8117,ABB370 ,SS_Po_11A,Sultan Shoal,Singapore,P lutea,not collected,not collected,not collected,1.239384N 103.648806E,CAAGCAGAAGACGGCATACGAGAT,TGCGAGTATATG,AGTCAGTCAG,CC,GGACTACHVGGGTWTCTAAT,CAAGCAGAAGACGGCATACGAGATTGCGAGTATATGAGTCAGTCAGCCGGACTACHVGGGTWTCTAAT
MUX8117,ABB371 ,SS_Po_12A,Sultan Shoal,Singapore,P lutea,not collected,not collected,not collected,1.239384N 103.648806E,CAAGCAGAAGACGGCATACGAGAT,TACCACAACGAA,AGTCAGTCAG,CC,GGACTACHVGGGTWTCTAAT,CAAGCAGAAGACGGCATACGAGATTACCACAACGAAAGTCAGTCAGCCGGACTACHVGGGTWTCTAAT
MUX8117,ABB372 ,SS_Po_13A,Sultan Shoal,Singapore,P lutea,not collected,not collected,not collected,1.239384N 103.648806E,CAAGCAGAAGACGGCATACGAGAT,TCTGGAACGGTT,AGTCAGTCAG,CC,GGACTACHVGGGTWTCTAAT,CAAGCAGAAGACGGCATACGAGATTCTGGAACGGTTAGTCAGTCAGCCGGACTACHVGGGTWTCTAAT
MUX8117,ABB373 ,SS_Po_14A,Sultan Shoal,Singapore,P lutea,not collected,not collected,not collected,1.239384N 103.648806E,CAAGCAGAAGACGGCATACGAGAT,GTACTACCTCGG,AGTCAGTCAG,CC,GGACTACHVGGGTWTCTAAT,CAAGCAGAAGACGGCATACGAGATGTACTACCTCGGAGTCAGTCAGCCGGACTACHVGGGTWTCTAAT
MUX8117,ABB374 ,SS_Po_15A,Sultan Shoal,Singapore,P lutea,not collected,not collected,not collected,1.239384N 103.648806E,CAAGCAGAAGACGGCATACGAGAT,TTCCTGTTAACC,AGTCAGTCAG,CC,GGACTACHVGGGTWTCTAAT,CAAGCAGAAGACGGCATACGAGATTTCCTGTTAACCAGTCAGTCAGCCGGACTACHVGGGTWTCTAAT
MUX8117,ABB375 ,SS_Po_16A,Sultan Shoal,Singapore,P lutea,not collected,not collected,not collected,1.239384N 103.648806E,CAAGCAGAAGACGGCATACGAGAT,CTATCCAAGTGG,AGTCAGTCAG,CC,GGACTACHVGGGTWTCTAAT,CAAGCAGAAGACGGCATACGAGATCTATCCAAGTGGAGTCAGTCAGCCGGACTACHVGGGTWTCTAAT
MUX8117,ABB376 ,SS_Po_17A,Sultan Shoal,Singapore,P lutea,not collected,not collected,not collected,1.239384N 103.648806E,CAAGCAGAAGACGGCATACGAGAT,CAGTCTAGTACG,AGTCAGTCAG,CC,GGACTACHVGGGTWTCTAAT,CAAGCAGAAGACGGCATACGAGATCAGTCTAGTACGAGTCAGTCAGCCGGACTACHVGGGTWTCTAAT
MUX8117,ABB377 ,SS_Po_18A,Sultan Shoal,Singapore,P lutea,not collected,not collected,not collected,1.239384N 103.648806E,CAAGCAGAAGACGGCATACGAGAT,GTGTCCGGATTC,AGTCAGTCAG,CC,GGACTACHVGGGTWTCTAAT,CAAGCAGAAGACGGCATACGAGATGTGTCCGGATTCAGTCAGTCAGCCGGACTACHVGGGTWTCTAAT
MUX8117,ABB378 ,SS_Po_19A,Sultan Shoal,Singapore,P lutea,not collected,not collected,not collected,1.239384N 103.648806E,CAAGCAGAAGACGGCATACGAGAT,TGTGGTGATGTA,AGTCAGTCAG,CC,GGACTACHVGGGTWTCTAAT,CAAGCAGAAGACGGCATACGAGATTGTGGTGATGTAAGTCAGTCAGCCGGACTACHVGGGTWTCTAAT
MUX8117,ABB379 ,SS_Po_20A,Sultan Shoal,Singapore,P lutea,not collected,not collected,not collected,1.239384N 103.648806E,CAAGCAGAAGACGGCATACGAGAT,CTTTCGTTCAAC,AGTCAGTCAG,CC,GGACTACHVGGGTWTCTAAT,CAAGCAGAAGACGGCATACGAGATCTTTCGTTCAACAGTCAGTCAGCCGGACTACHVGGGTWTCTAAT
MUX8117,ABB380 ,TA_Han_Pro_0m,Hantu,Protected,Turf Algae,not collected,not collected,not collected,N/A,CAAGCAGAAGACGGCATACGAGAT,CCGAAGATTCTG,AGTCAGTCAG,CC,GGACTACHVGGGTWTCTAAT,CAAGCAGAAGACGGCATACGAGATCCGAAGATTCTGAGTCAGTCAGCCGGACTACHVGGGTWTCTAAT
MUX8117,ABB381 ,TA_Han_Pro_2.5m,Hantu,Protected,Turf Algae,not collected,not collected,not collected,N/A,CAAGCAGAAGACGGCATACGAGAT,GTTGGCGTTACA,AGTCAGTCAG,CC,GGACTACHVGGGTWTCTAAT,CAAGCAGAAGACGGCATACGAGATGTTGGCGTTACAAGTCAGTCAGCCGGACTACHVGGGTWTCTAAT
MUX8117,ABB382 ,TA_Han_Pro_5m,Hantu,Protected,Turf Algae,not collected,not collected,not collected,N/A,CAAGCAGAAGACGGCATACGAGAT,GAAGTAGCGAGC,AGTCAGTCAG,CC,GGACTACHVGGGTWTCTAAT,CAAGCAGAAGACGGCATACGAGATGAAGTAGCGAGCAGTCAGTCAGCCGGACTACHVGGGTWTCTAAT
MUX8117,ABB383 ,TA_Han_Pro_7.5m,Hantu,Protected,Turf Algae,not collected,not collected,not collected,N/A,CAAGCAGAAGACGGCATACGAGAT,TTGCGGACCCTA,AGTCAGTCAG,CC,GGACTACHVGGGTWTCTAAT,CAAGCAGAAGACGGCATACGAGATTTGCGGACCCTAAGTCAGTCAGCCGGACTACHVGGGTWTCTAAT
MUX8117,ABB384 ,TA_Han_Pro_10m,Hantu,Protected,Turf Algae,not collected,not collected,not collected,N/A,CAAGCAGAAGACGGCATACGAGAT,GCGGAAACATGG,AGTCAGTCAG,CC,GGACTACHVGGGTWTCTAAT,CAAGCAGAAGACGGCATACGAGATGCGGAAACATGGAGTCAGTCAGCCGGACTACHVGGGTWTCTAAT
MUX8117,ABB385 ,TA_Han_Exp_0m,Hantu,Exposed,Turf Algae,not collected,not collected,not collected,N/A,CAAGCAGAAGACGGCATACGAGAT,AACGTTAGTGTG,AGTCAGTCAG,CC,GGACTACHVGGGTWTCTAAT,CAAGCAGAAGACGGCATACGAGATAACGTTAGTGTGAGTCAGTCAGCCGGACTACHVGGGTWTCTAAT
MUX8117,ABB386 ,TA_Han_Exp_2.5m,Hantu,Exposed,Turf Algae,not collected,not collected,not collected,N/A,CAAGCAGAAGACGGCATACGAGAT,TGCATGACAGTC,AGTCAGTCAG,CC,GGACTACHVGGGTWTCTAAT,CAAGCAGAAGACGGCATACGAGATTGCATGACAGTCAGTCAGTCAGCCGGACTACHVGGGTWTCTAAT
MUX8117,ABB387 ,TA_Han_Exp_5m,Hantu,Exposed,Turf Algae,not collected,not collected,not collected,N/A,CAAGCAGAAGACGGCATACGAGAT,TCAATCGCTTTC,AGTCAGTCAG,CC,GGACTACHVGGGTWTCTAAT,CAAGCAGAAGACGGCATACGAGATTCAATCGCTTTCAGTCAGTCAGCCGGACTACHVGGGTWTCTAAT
MUX8117,ABB388 ,TA_Han_Exp_7.5m,Hantu,Exposed,Turf Algae,not collected,not collected,not collected,N/A,CAAGCAGAAGACGGCATACGAGAT,CTACCGATTGCG,AGTCAGTCAG,CC,GGACTACHVGGGTWTCTAAT,CAAGCAGAAGACGGCATACGAGATCTACCGATTGCGAGTCAGTCAGCCGGACTACHVGGGTWTCTAAT
MUX8117,ABB389 ,TA_Han_Exp_10m,Hantu,Exposed,Turf Algae,not collected,not collected,not collected,N/A,CAAGCAGAAGACGGCATACGAGAT,TCACCCAAGGTA,AGTCAGTCAG,CC,GGACTACHVGGGTWTCTAAT,CAAGCAGAAGACGGCATACGAGATTCACCCAAGGTAAGTCAGTCAGCCGGACTACHVGGGTWTCTAAT
MUX8117,ABB390 ,TA_Sen_Pro_0m,Sentosa,Protected,Turf Algae,not collected,not collected,not collected,N/A,CAAGCAGAAGACGGCATACGAGAT,AGCCAGTCATAC,AGTCAGTCAG,CC,GGACTACHVGGGTWTCTAAT,CAAGCAGAAGACGGCATACGAGATAGCCAGTCATACAGTCAGTCAGCCGGACTACHVGGGTWTCTAAT
MUX8117,ABB391 ,TA_Sen_Pro_5m,Sentosa,Protected,Turf Algae,not collected,not collected,not collected,N/A,CAAGCAGAAGACGGCATACGAGAT,TAACGGCGCTCT,AGTCAGTCAG,CC,GGACTACHVGGGTWTCTAAT,CAAGCAGAAGACGGCATACGAGATTAACGGCGCTCTAGTCAGTCAGCCGGACTACHVGGGTWTCTAAT
MUX8117,ABB392 ,TA_Sen_Pro_10m,Sentosa,Protected,Turf Algae,not collected,not collected,not collected,N/A,CAAGCAGAAGACGGCATACGAGAT,GTTTGCTCGAGA,AGTCAGTCAG,CC,GGACTACHVGGGTWTCTAAT,CAAGCAGAAGACGGCATACGAGATGTTTGCTCGAGAAGTCAGTCAGCCGGACTACHVGGGTWTCTAAT
MUX8117,ABB393 ,TA_Sen_Exp_0m,Sentosa,Exposed,Turf Algae,not collected,not collected,not collected,N/A,CAAGCAGAAGACGGCATACGAGAT,CAAACGCACTAA,AGTCAGTCAG,CC,GGACTACHVGGGTWTCTAAT,CAAGCAGAAGACGGCATACGAGATCAAACGCACTAAAGTCAGTCAGCCGGACTACHVGGGTWTCTAAT
MUX8117,ABB394 ,TA_Sen_Exp_5m,Sentosa,Exposed,Turf Algae,not collected,not collected,not collected,N/A,CAAGCAGAAGACGGCATACGAGAT,GAACAAAGAGCG,AGTCAGTCAG,CC,GGACTACHVGGGTWTCTAAT,CAAGCAGAAGACGGCATACGAGATGAACAAAGAGCGAGTCAGTCAGCCGGACTACHVGGGTWTCTAAT
MUX8117,ABB395 ,TA_Sen_Exp_10m,Sentosa,Exposed,Turf Algae,not collected,not collected,not collected,N/A,CAAGCAGAAGACGGCATACGAGAT,GCTAAGTGATGT,AGTCAGTCAG,CC,GGACTACHVGGGTWTCTAAT,CAAGCAGAAGACGGCATACGAGATGCTAAGTGATGTAGTCAGTCAGCCGGACTACHVGGGTWTCTAAT
MUX8117,ABB396 ,TA_Laz_Pro_0m,Lazarus,Protected,Turf Algae,not collected,not collected,not collected,N/A,CAAGCAGAAGACGGCATACGAGAT,AAGGGACAAGTG,AGTCAGTCAG,CC,GGACTACHVGGGTWTCTAAT,CAAGCAGAAGACGGCATACGAGATAAGGGACAAGTGAGTCAGTCAGCCGGACTACHVGGGTWTCTAAT
MUX8117,ABB397 ,TA_Laz_Pro_2.5m,Lazarus,Protected,Turf Algae,not collected,not collected,not collected,N/A,CAAGCAGAAGACGGCATACGAGAT,AGTGTCGATTCG,AGTCAGTCAG,CC,GGACTACHVGGGTWTCTAAT,CAAGCAGAAGACGGCATACGAGATAGTGTCGATTCGAGTCAGTCAGCCGGACTACHVGGGTWTCTAAT
MUX8117,ABB398 ,TA_Laz_Pro_5m,Lazarus,Protected,Turf Algae,not collected,not collected,not collected,N/A,CAAGCAGAAGACGGCATACGAGAT,CTATTAAGCGGC,AGTCAGTCAG,CC,GGACTACHVGGGTWTCTAAT,CAAGCAGAAGACGGCATACGAGATCTATTAAGCGGCAGTCAGTCAGCCGGACTACHVGGGTWTCTAAT
MUX8117,ABB399 ,TA_Laz_Pro_7.5m,Lazarus,Protected,Turf Algae,not collected,not collected,not collected,N/A,CAAGCAGAAGACGGCATACGAGAT,CCTACCATTGTT,AGTCAGTCAG,CC,GGACTACHVGGGTWTCTAAT,CAAGCAGAAGACGGCATACGAGATCCTACCATTGTTAGTCAGTCAGCCGGACTACHVGGGTWTCTAAT
MUX8117,ABB400 ,TA_Laz_Pro_10m,Lazarus,Protected,Turf Algae,not collected,not collected,not collected,N/A,CAAGCAGAAGACGGCATACGAGAT,GAGTCCGTTGCT,AGTCAGTCAG,CC,GGACTACHVGGGTWTCTAAT,CAAGCAGAAGACGGCATACGAGATGAGTCCGTTGCTAGTCAGTCAGCCGGACTACHVGGGTWTCTAAT
MUX8117,ABB401 ,TA_Laz_Exp_0m,Lazarus,Exposed,Turf Algae,not collected,not collected,not collected,N/A,CAAGCAGAAGACGGCATACGAGAT,GATAACTGTACG,AGTCAGTCAG,CC,GGACTACHVGGGTWTCTAAT,CAAGCAGAAGACGGCATACGAGATGATAACTGTACGAGTCAGTCAGCCGGACTACHVGGGTWTCTAAT
MUX8117,ABB402 ,TA_Laz_Exp_2.5m,Lazarus,Exposed,Turf Algae,not collected,not collected,not collected,N/A,CAAGCAGAAGACGGCATACGAGAT,TAAACCTGGACA,AGTCAGTCAG,CC,GGACTACHVGGGTWTCTAAT,CAAGCAGAAGACGGCATACGAGATTAAACCTGGACAAGTCAGTCAGCCGGACTACHVGGGTWTCTAAT
MUX8117,ABB403 ,TA_Laz_Exp_5m,Lazarus,Exposed,Turf Algae,not collected,not collected,not collected,N/A,CAAGCAGAAGACGGCATACGAGAT,CCGAATTGACAA,AGTCAGTCAG,CC,GGACTACHVGGGTWTCTAAT,CAAGCAGAAGACGGCATACGAGATCCGAATTGACAAAGTCAGTCAGCCGGACTACHVGGGTWTCTAAT
MUX8117,ABB404 ,TA_Laz_Exp_7.5m,Lazarus,Exposed,Turf Algae,not collected,not collected,not collected,N/A,CAAGCAGAAGACGGCATACGAGAT,CTGGCATCTAGC,AGTCAGTCAG,CC,GGACTACHVGGGTWTCTAAT,CAAGCAGAAGACGGCATACGAGATCTGGCATCTAGCAGTCAGTCAGCCGGACTACHVGGGTWTCTAAT
MUX8117,ABB405 ,TA_Laz_Exp_10m,Lazarus,Exposed,Turf Algae,not collected,not collected,not collected,N/A,CAAGCAGAAGACGGCATACGAGAT,GGTGGTCGTTCT,AGTCAGTCAG,CC,GGACTACHVGGGTWTCTAAT,CAAGCAGAAGACGGCATACGAGATGGTGGTCGTTCTAGTCAGTCAGCCGGACTACHVGGGTWTCTAAT
MUX8117,ABB406 ,Blank_05,Blank,N/A,NegControl,N/A,N/A,not collected,N/A,CAAGCAGAAGACGGCATACGAGAT,ACTATGGGCTAA,AGTCAGTCAG,CC,GGACTACHVGGGTWTCTAAT,CAAGCAGAAGACGGCATACGAGATACTATGGGCTAAAGTCAGTCAGCCGGACTACHVGGGTWTCTAAT
MUX8117,ABB407 ,Blank_06,Blank,N/A,NegControl,N/A,N/A,not collected,N/A,CAAGCAGAAGACGGCATACGAGAT,GCATTGAGTTCG,AGTCAGTCAG,CC,GGACTACHVGGGTWTCTAAT,CAAGCAGAAGACGGCATACGAGATGCATTGAGTTCGAGTCAGTCAGCCGGACTACHVGGGTWTCTAAT
